movie,budge,gross,comment_count,view_count,like_count,year
On the Basis of Sex,20000000,38803610,2251,8111048,28827,2018
Destroyer,9000000,3681096,95,129496,661,2018
Vice,60000000,70883171,1631,2453119,13255,2018
Aquaman,160000000,1146894640,94633,59057688,648092,2018
Welcome to Marwen,45000000,12919471,9197,4773419,69748,2018
Second Act,15700000,63288854,570,5927332,12798,2018
Bumblebee,102000000,465195589,23010,20725596,168304,2018
Mary Poppins Returns,130000000,340246439,20728,15694742,178817,2018
Spider-Man: Into The Spider-Verse 3D,90000000,375380731,41229,30974356,421167,2018
If Beale Street Could Talk,12000000,19859167,745,878540,9585,2018
The Mule,50000000,170770783,6621,14909536,81644,2018
Mortal Engines,100000000,85287417,12393,24042122,112162,2018
That Way Madness Lies,650000,1447,2,5627,7,2018
Bird Box,19800000,0,15783,20060237,160915,2018
Mary Queen of Scots,25000000,46784211,4133,6409774,20382,2018
Ben is Back,13000000,9633359,250,760528,3026,2018
The Possession of Hannah Grace,6000000,42785387,3939,10477468,50327,2018
Werk ohne Autor,1400000,4794349,172,485613,3572,2018
The Favourite,15000000,94075194,1957,9458033,31916,2018
Robin Hood,99000000,84747441,5525,14322651,50875,2018
Robin Hood,210000000,322459006,5525,14322651,50875,2018
Ralph Breaks The Internet,175000000,523480372,14941,8236195,86532,2018
Creed II,50000000,213591522,10389,17766184,146412,2018
Green Book,23000000,322987195,4171,10954836,45452,2018
Instant Family,48000000,119736188,2254,15916920,48260,2018
Fantastic Beasts: The Crimes of Grindelwald,200000000,652220086,10753,12519546,145544,2018
Widows,40000000,73866088,2679,9654524,26642,2018
Bohemian Rhapsody,55000000,893919815,18757,34007096,304198,2018
The Nutcracker and the Four Realms,132900000,170293899,5175,4748239,34815,2018
Air Strike,65000000,516279,171,229524,423,2018
London Fields,8000000,433732,757,2229261,9557,2018
Suspiria,20000000,7023292,3020,10866083,30108,2018
Indivisible,2700000,3588305,245,926728,5598,2018
Can You Ever Forgive Me?,10000000,11752387,445,4540140,7437,2018
Halloween,10000000,254901837,52817,31690125,324070,2018
Halloween,15000000,77514401,52817,31690125,324070,2018
Halloween,325000,70000000,52817,31690125,324070,2018
First Man,60000000,105212037,6016,6956890,25102,2018
Beautiful Boy,25000000,13214314,2916,5117497,39022,2018
Goosebumps 2: Haunted Halloween,35000000,93291478,4585,6510914,33359,2018
Bad Times at the El Royale,32000000,29199399,1994,24563825,26179,2018
The Happy Prince,13000000,2394619,48,210543,686,2018
The Hate U Give,23000000,35067665,21591,18740199,215723,2018
Venom,116000000,853628605,131130,79216032,1404623,2018
Venom,25000000,881745,131130,79216032,1404623,2018
A Star is Born,36000000,433449571,20001,30612339,212674,2018
Hevi reissu,3800000,10153,719,563649,13170,2018
Hell Fest,5500000,18119231,36,111750,665,2018
Night School,29000000,103008792,4108,13842083,81162,2018
Smallfoot,80000000,213686569,1421,6835180,18347,2018
The House with a Clock in its Walls,40000000,126331750,1737,5898063,29379,2018
The Sisters Brothers,38000000,13133073,970,2880841,12758,2018
Fahrenheit 11/9,5000000,6653715,9167,3720475,12768,2018
Mandy,6000000,1427656,2547,3754475,20275,2018
A Simple Favor,20000000,97628717,3340,14048141,60040,2018
White Boy Rick,30000000,25947983,2426,5028017,22928,2018
The Predator,88000000,159487563,13748,12377298,94073,2018
Peppermint,25000000,51800758,5052,6758413,47486,2018
Kin,30000000,10132644,1376,10877575,13185,2018
A.X.L.,10000000,8259753,1764,14220183,31472,2018
Alpha,51000000,99624873,7840,23607589,153103,2018
Mile 22,35000000,66295121,4686,10087236,49623,2018
Crazy Rich Asians,30000000,238099711,16665,24970954,176721,2018
Slender Man,10000000,51945949,43526,19891125,202087,2018
The Meg,178000000,529530715,26208,44086669,272687,2018
BlacKkKlansman,15000000,93058826,11240,18068292,58101,2018
The Darkest Minds,34000000,38361428,11138,21839332,80862,2018
Christopher Robin,75000000,197504758,21550,12550482,208945,2018
Teen Titans Go! To The Movies,10000000,51620593,12506,9331925,43674,2018
The Equalizer 2,77000000,190453132,3205,9803664,37601,2018
Teefa in Trouble,1500000,98806,7064,5447450,63357,2018
Unfriended: Dark Web,1000000,16434588,14260,7750738,93944,2018
Skyscraper,125000000,304115534,8647,25422022,166839,2018
Hotel Transylvania 3: Summer Vacation,65000000,527080347,2554,16309386,60614,2018
Eighth Grade,2000000,14347472,8600,5953565,65206,2018
Sorry to Bother You,3200000,18285560,2558,3295274,32007,2018
Ant-Man and the Wasp,130000000,623144660,30795,29551307,489202,2018
The First Purge,13000000,137054597,24513,16460747,117855,2018
Uncle Drew,18000000,46527161,1685,12508289,36645,2018
Sicario: Day of the Soldado,35000000,75885196,4307,14684201,36046,2018
Jurassic World: Fallen Kingdom,170000000,1305772799,70519,63057971,631969,2018
Gotti,10000000,6089100,439,543718,2387,2018
Tag,28000000,77026186,5059,11828941,61898,2018
Incredibles 2,200000000,1242520711,28384,56446116,417315,2018
Superfly,16000000,20723581,3323,7403505,26613,2018
Hotel Artemis,15000000,12758799,933,16829143,10857,2018
Hearts Beat Loud,2000000,2420962,161,7144628,2710,2018
Oceans 8,70000000,297115976,38493,19065870,131231,2018
Hereditary,10000000,81301558,8314,17029357,68346,2018
Adrift,35000000,57897191,369,4195522,7355,2018
Upgrade,3000000,16553285,3767,5217002,34309,2018
Action Point,19000000,5103675,2350,6576221,32446,2018
Solo: A Star Wars Story,275000000,393151347,31939,18520298,213884,2018
First Reformed,3500000,3874772,1028,5609609,10016,2018
Book Club,10000000,91310059,846,3751456,12076,2018
Deadpool 2,110000000,786680557,31115,46492981,629024,2018
Life of the Party,30000000,65759911,1205,6381533,16827,2018
Higher Power,500000,528,473,1233510,3083,2018
Breaking In,6000000,51411620,1999,3208328,24260,2018
Overboard,12000000,85369830,2129,5480293,16809,2018
Avengers: Infinity War,300000000,2048134200,464912,229917606,3553094,2018
Backstabbing For Beginners,8000000,343773,120,342712,1158,2018
I Feel Pretty,32000000,91553797,4674,11824443,31919,2018
Rampage,120000000,428056280,29929,42846537,255697,2018
Sgt. Stubby: An American Hero,25000000,3823620,248,439100,1774,2018
Borg vs McEnroe,7500000,3257922,1109,2325203,8624,2018
Truth or Dare,3500000,95127344,8608,12856590,78083,2018
Blockers,21000000,94045328,173,740166,3792,2018
A Quiet Place,17000000,336157526,10513,21765297,76852,2018
Lean on Pete,8000000,2455027,175,527927,2375,2018
Acrimony,20000000,46627836,2986,4892942,31504,2018
Ready Player One,150000000,579290136,45242,30162809,265952,2018
"Paul, Apostle of Christ",5000000,25529498,2929,3263314,30455,2018
Unsane,1500000,14244931,2854,18631271,20091,2018
Sherlock Gnomes,59000000,87527651,1888,1981847,12771,2018
Pacific Rim: Uprising,155000000,290930148,11580,7766447,54490,2018
"Love, Simon",10000000,65520633,10758,28519165,142699,2018
Tomb Raider,90000000,273477501,23277,20115725,112107,2018
I Can Only Imagine,7000000,85642586,1497,4243937,24636,2018
The Hurricane Heist,40000000,30963684,842,4108976,7519,2018
The Strangers: Prey at Night,5000000,32144262,2678,4560913,22234,2018
A Wrinkle in Time,103000000,133401882,10191,9417835,56367,2018
Thoroughbreds,5000000,3187302,597,5489241,9077,2018
Red Sparrow,69000000,145951861,5915,29739377,56579,2018
Death Wish,30000000,48575965,1851,10916964,13085,2018
Annihilation,55000000,43070915,12361,18000917,68565,2018
Game Night,37000000,117378084,1041,9054445,20375,2018
Early Man,50000000,45285890,714,2809584,8837,2018
Black Panther,200000000,1348258224,54395,44206525,446872,2018
Peter Rabbit,50000000,347132280,3370,5919670,13878,2018
The 15:17 to Paris,30000000,56096200,2503,5373423,19465,2018
Fifty Shades Freed,55000000,371350619,304,1088150,8151,2018
Blood Feast,1200000,8708,54,83942,331,2018
Winchester,3500000,45960255,1227,17065134,13551,2018
Bilal: A New Breed of Hero,30000000,648599,31,29862,340,2018
Maze Runner: The Death Cure,61000000,265878536,10302,18864418,103647,2018
Den of Thieves,30000000,80131391,1683,5976642,21869,2018
Forever My Girl,3500000,16376066,437,2402625,21401,2018
12 Strong,35000000,71118378,7140,13463692,78332,2018
The Commuter,40000000,101985431,1541,8633291,15362,2018
Proud Mary,30000000,21709539,942,3394456,8080,2018
Insidious: The Last Key,10000000,172811971,6200,21300037,125814,2018
Matilda,25000000,9370285,519,3407831,8302,2017
Posledniy bogatyr,8500000,30700192,342,1205941,4532,2017
Perfectos Desconocidos,4000000,31166312,577,564956,2251,2017
Utya 22. juli,3600000,173156,2551,2224047,10774,2017
The Islands,1200000,0,207,699500,1942,2017
The Thousand Miles,20000000,0,1,39227,72,2017
Phantom Thread,35000000,47410406,1954,10574917,26765,2017
Mollys Game,30000000,53296424,1251,8319089,14953,2017
The Post,50000000,179748880,2950,17308576,20052,2017
Pitch Perfect 3,45000000,185736412,5497,13300047,116481,2017
Father Figures,25000000,21038441,259,2949485,3802,2017
Downsizing,68000000,54462971,4262,10580547,27328,2017
Jumanji: Welcome to the Jungle,90000000,964496193,22807,31991225,170119,2017
The Greatest Showman,84000000,386665550,5272,20825006,92420,2017
Ferdinand,111000000,289843038,878,6673624,10370,2017
Star Wars Ep. VIII: The Last Jedi,317000000,1316721747,92178,53210814,764128,2017
Bright,90000000,0,9870,10234715,87993,2017
Just Getting Started,22000000,6756412,101,611871,1539,2017
"I, Tonya",11000000,53797409,399,15390969,3141,2017
The Shape of Water,19500000,195790794,9860,23005614,115398,2017
Daisy Winters,4500000,0,46,71285,692,2017
The Disaster Artist,10000000,28717667,2701,11356039,39230,2017
Darkest Hour,30000000,150807172,2593,5186922,12751,2017
Coco,175000000,798008101,1012,2254487,10595,2017
The Star,20000000,62758010,0,2844211,3695,2017
Justice League,300000000,655945209,64200,36013365,415581,2017
Wonder,20000000,304604712,15795,12206507,172390,2017
"Roman J. Israel, Esq.",22000000,12967012,274,2519954,2741,2017
"Three Billboards Outside Ebbing, Missouri",12000000,160191915,3075,8828628,36033,2017
Daddys Home 2,70000000,175807183,3767,11716065,59729,2017
Murder on the Orient Express,55000000,345922730,8644,12807174,71981,2017
LBJ,20000000,2507181,612,543281,2721,2017
Lady Bird,10000000,78610769,3233,15170575,84001,2017
Thor: Ragnarok,180000000,846980024,60703,72849257,738040,2017
A Bad Moms Christmas,28000000,127710550,555,3966837,14600,2017
Jigsaw,10000000,104223315,10519,17694831,80505,2017
Thank You for Your Service,20000000,9985316,2137,2998339,26531,2017
Let There Be Light,3000000,7241309,615,283865,1445,2017
Only the Brave,38000000,24555177,903,2441755,9592,2017
Geostorm,100000000,220796009,5423,14207290,41296,2017
Same Kind of Different as Me,6500000,6423605,646,697640,3590,2017
Tyler Perrys Boo 2! A Madea Halloween,20000000,47879572,2090,2980874,25413,2017
The Snowman,35000000,43226146,9515,13721333,74180,2017
Marshall,12000000,10116816,426,551655,4376,2017
Happy Death Day,5000000,125010260,5315,6314870,39918,2017
The Foreigner,35000000,140783360,7859,10331614,81652,2017
Demonic,3000000,4668109,502,1545137,4558,2017
Blade Runner 2049,185000000,259357408,17641,28488256,160808,2017
The Florida Project,2000000,11295324,1371,4260453,21502,2017
Visages villages,1000000,4015686,26,183811,855,2017
"Don Gato, el inicio de la pandilla",8000000,4604656,147,740122,1510,2017
Flatliners,20000000,45173738,2706,7650840,17339,2017
Flatliners,26000000,61308153,2706,7650840,17339,2017
American Made,50000000,135569212,2280,12754872,25056,2017
"Mune, le gardien de la lune",17000000,14534046,16,158394,354,2017
Victoria and Abdul,21000000,68271146,2044,5537506,38194,2017
The Lego Ninjago Movie,70000000,122737201,4804,13454124,42937,2017
Friend Request,9900000,11310835,4603,7240931,26945,2017
Stronger,30000000,8786287,1204,2497080,20696,2017
Battle of the Sexes,25000000,18445379,1619,2929821,11586,2017
Kingsman: The Golden Circle,104000000,408803696,10348,23572754,197616,2017
mother!,30000000,42531076,9584,16654936,42837,2017
American Assassin,63000000,68310140,419,2275124,6261,2017
Home Again,15000000,37336874,409,2155696,6581,2017
It,35000000,697457969,22508,36508338,208759,2017
Sky Sharks,2500000,0,1464,1352694,5791,2017
Tulip Fever,25000000,6792768,1154,3782915,30629,2017
Ballerina,30000000,96892829,3166,6123045,38285,2017
All Saints,2000000,5941994,83,301130,609,2017
Polina danser sa vie,4000000,953314,4,70717,186,2017
Birth of the Dragon,31000000,7220490,1639,2674412,12023,2017
The Hitmans Bodyguard,30000000,172778667,4320,12188740,84369,2017
Logan Lucky,29000000,44264271,2173,10938801,28104,2017
Patti Cake$,1000000,1471090,719,5955884,5459,2017
The Nut Job 2: Nutty by Nature,40000000,57438389,1002,3427996,14753,2017
Annabelle: Creation,15000000,305384865,6345,18253759,68855,2017
Columbus,700000,1110511,442,906979,5847,2017
Kidnap,21000000,34836080,3662,1361514,29805,2017
The Dark Tower,60000000,113461527,19314,27107928,128695,2017
The Emoji Movie,50000000,216564840,33991,16661692,37791,2017
Atomic Blonde,30000000,98345423,785,1360322,5380,2017
An Inconvenient Sequel,1000000,5839322,3581,2873718,16421,2017
Dunkirk,150000000,499837368,6737,9312206,82802,2017
Girls Trip,28000000,140886353,994,5803435,13878,2017
Valerian and the City of a Thousand Planets,180000000,215098356,6282,8727865,51295,2017
Wish Upon,12000000,23477345,1490,3038311,14390,2017
War for the Planet of the Apes,152000000,489592267,2375,5867104,31525,2017
A Ghost Story,100000,2769782,278,716046,1957,2017
Spider-Man: Homecoming,175000000,880166350,2587,9174481,41111,2017
Despicable Me 3,75000000,1034727750,12432,36380728,118369,2017
The House,40000000,31192425,241,3811678,3203,2017
Baby Driver,34000000,228104185,364,2258940,7122,2017
The Big Sick,5000000,53972860,1103,4065222,16175,2017
Transformers: The Last Knight,217000000,602893340,29663,19452987,125533,2017
Arrowhead,180000,0,106,1048894,430,2017
Cars 3,175000000,383541369,13368,22444963,141448,2017
Rough Night,20000000,46844357,4390,5558490,25600,2017
All Eyez on Me,45000000,54876855,3297,3750603,30213,2017
The Mummy,195000000,409953905,23835,47732876,260295,2017
The Mummy,80000000,416385488,23835,47732876,260295,2017
It Comes at Night,5000000,19720203,3471,15002285,24982,2017
Churchill,10000000,7582196,2225,1498543,6134,2017
Captain Underpants: The First Epic Movie,38000000,126577874,18060,12350616,182617,2017
Wonder Woman,150000000,821133378,26274,27362036,231645,2017
Pirates of the Caribbean: Dead Men Tell No Tales,230000000,788241137,1904,6167691,25192,2017
Baywatch,60000000,175863783,3589,15154650,50683,2017
"Everything, Everything",10000000,61603136,6267,8815854,103890,2017
Alien: Covenant,97000000,238521247,18500,25421970,154700,2017
Diary of a Wimpy Kid: The Long Haul,22000000,35609577,8194,2065425,5474,2017
Snatched,42000000,57852177,1055,4822706,4855,2017
King Arthur: Legend of the Sword,175000000,139630336,3325,9088513,30460,2017
The Wall,3000000,4495262,3684,9580458,33582,2017
Lowriders,916000,6188421,1209,1650194,9392,2017
Chi dn zhunji,23000000,58807172,16849,152354293,326440,2017
Guardians of the Galaxy Vol 2,200000000,862316233,3886,8544698,67633,2017
Baahubali 2: The Conclusion,30000000,263502914,28306,106764363,610205,2017
The Circle,18000000,40651864,4010,7685350,40586,2017
Jy dsh,20000000,43888531,1,7897,20,2017
How to Be a Latin Lover,10000000,62556228,750,3039847,10928,2017
Sleight,250000,3934450,1454,3154694,19393,2017
Unforgettable,12000000,16221211,380,2211401,7133,2017
Unforgettable,18000000,2483790,380,2211401,7133,2017
The Promise,90000000,10551417,0,3079913,0,2017
The Fate of the Furious,250000000,1234846267,19831,18913058,151414,2017
The Lost City of Z,30000000,17121823,1357,6031996,14531,2017
Queen of the Desert,36000000,1578543,675,818439,4731,2017
Going in Style,24000000,78672579,958,5549276,20591,2017
Gifted,7000000,36964656,5334,13460346,121327,2017
Smurfs: The Lost Village,60000000,197578586,1463,3941690,13280,2017
The Boss Baby,125000000,510878762,3855,19576981,60283,2017
Ghost in the Shell,110000000,167910690,28107,32142294,172619,2017
The Zookeepers Wife,20000000,26308749,738,1558074,10295,2017
Power Rangers,120000000,142531552,28220,44737885,183761,2017
Life,58000000,100929666,2117,7567018,12404,2017
Life,75000000,73521587,2117,7567018,12404,2017
CHiPS,25000000,23190292,649,6129332,8405,2017
The Belko Experiment,5000000,11792942,1625,2515283,13713,2017
Beauty and the Beast,160000000,1259199706,19251,34130894,252973,2017
Beauty and the Beast,20000000,438707031,19251,34130894,252973,2017
T2: Trainspotting,18000000,42091262,5497,10762354,61882,2017
Kong: Skull Island,185000000,561072059,7489,15048044,65805,2017
Departure,1100000,27561,13,49112,132,2017
Logan,127000000,615461394,32459,30081253,261819,2017
Before I Fall,5000000,18945682,4128,9669759,71291,2017
Table 19,5000000,4620399,516,1612146,8445,2017
Get Out,5000000,255367951,11063,16021938,71732,2017
Rock Dog,60000000,24148488,1316,1939955,6835,2017
Collide,29200000,5466698,876,3430818,8242,2017
Bitter Harvest,21000000,606162,1418,1000648,6295,2017
The Girl with all the Gifts,5250000,4801837,3675,14007575,106159,2017
Fist Fight,25000000,40286416,705,4216362,11355,2017
The Great Wall,150000000,334486852,6811,10123984,27650,2017
In Dubious Battle,15000000,214182,610,1090588,5920,2017
The Lego Batman Movie,80000000,310660018,2970,4539010,37395,2017
Fifty Shades Darker,55000000,381398492,4970,23826466,86059,2017
John Wick: Chapter Two,40000000,171317271,6885,18097504,80156,2017
I Am Not Your Negro,1000000,9617402,935,1333483,9151,2017
The Comedian,15000000,1658706,584,1015616,5394,2017
The Space Between Us,30000000,16481405,3038,5472353,30673,2017
Growing up Smith,2000000,35312,136,387692,2061,2017
Rings,25000000,82917283,565,3042370,7299,2017
Two Lovers and a Bear,6840000,22273,424,751795,3771,2017
A Dogs Purpose,25000000,203671625,0,19510663,146084,2017
Emily,27000,3547,212,606342,5325,2017
Resident Evil: The Final Chapter,40000000,314101190,4057,11484620,43776,2017
The Resurrection of Gavin Stone,2000000,2303792,169,383999,1707,2017
The Founder,15000000,24403192,2489,4732885,17586,2017
xXx: Return of Xander Cage,85000000,345033359,8250,15451484,73616,2017
Split,5000000,278964806,15442,26806693,111273,2017
The Bye Bye Man,7400000,31187727,3562,4997688,18916,2017
Monster Trucks,125000000,61642798,2754,4410280,21090,2017
A Monster Calls,43000000,46414530,5855,8440595,48739,2017
Underworld: Blood Wars,35000000,81209222,1421,5764063,12386,2017
Bodom,1250000,726460,0,628404,1584,2016
Chemical Cut,1000000,0,9,9721,39,2016
Airlift (2016),4400000,9969237,3223,8105785,43849,2016
Paterson,5000000,10727536,761,3261589,11002,2016
Hidden Figures,25000000,231771716,1500,7337538,11147,2016
Live by Night,65000000,21774432,1263,3325637,9754,2016
Silence,46500000,23726626,1974,3631605,14698,2016
Why Him?,38000000,117425156,2311,7696840,31728,2016
Assassins Creed,125000000,240759682,8761,14341137,82581,2016
Sing,75000000,634454789,4713,9111629,42223,2016
Passengers,110000000,302239672,16997,29961711,140219,2016
Patriots Day,40000000,52837989,3400,5742097,12672,2016
Dangal,9500000,294654618,32113,64753268,365767,2016
Rogue One: A Star Wars Story,200000000,1049102856,52682,38334310,302228,2016
Fences,24000000,64282881,2231,4990323,18901,2016
Collateral Beauty,36000000,85309093,4015,11012865,53921,2016
La La Land,20000000,426351163,8213,36080584,136340,2016
Office Christmas Party,45000000,91323299,762,3449266,11229,2016
The Bounce Back,3000000,421404,112,570826,2490,2016
Oddball,7000000,10237229,215,1205391,1880,2016
Incarnate,5000000,9371036,499,2173652,3680,2016
Jackie,9000000,36588512,1418,4351961,13775,2016
Believe,3500000,890303,1073,1288937,12925,2016
Miss Sloane,18000000,7719630,1290,3281648,8837,2016
Lion,12000000,149570720,5184,14957304,84420,2016
Allied,106000000,119266661,1866,6186274,21112,2016
Moana,150000000,637517365,13020,35839529,150889,2016
Rules Dont Apply,26700000,3871448,428,5860482,33035,2016
Fantastic Beasts and Where to Find Them,180000000,802402853,813,2862885,12826,2016
A Street Cat Named Bob,8000000,17382693,1193,2063335,14245,2016
Manchester by the Sea,8500000,77733867,2145,8621004,24108,2016
The Edge of Seventeen,9000000,19096003,817,2761265,25856,2016
Bleed for This,16000000,6603926,2732,7478861,59351,2016
The History of Love,20000000,476624,61,1543504,3541,2016
Nocturnal Animals,22500000,32398681,1930,6845127,20417,2016
Billy Lynns Long Halftime Walk,40000000,30230402,1782,3406366,12496,2016
USS Indianapolis: Men of Courage,40000000,1663785,2140,3525849,11150,2016
Almost Christmas,17000000,42493506,1072,4951630,11033,2016
Arrival,47000000,203127894,13865,20624506,95049,2016
Shut In,10000000,11360665,586,4193556,4409,2016
Doctor Strange,165000000,676404566,28653,40125570,257664,2016
Trolls,125000000,344150134,4202,13848432,54443,2016
Loving,9000000,12898064,2421,3242914,26363,2016
Hacksaw Ridge,40000000,168904682,12465,20900372,104710,2016
Reign of Assassins,14000000,11354230,32,481675,406,2016
A.C.O.R.N.S.: Operation Crackdown,8500000,1353287,0,0,0,2016
Inferno,75000000,219519367,2421,11953280,25750,2016
Moonlight,1500000,65245512,6989,15837472,52031,2016
Jack Reacher: Never Go Back,60000000,159946489,3351,11362214,40314,2016
Ouija: Origin of Evil,9000000,81831866,3720,6954828,18701,2016
Im Not Ashamed,1500000,2082980,2221,1212363,9983,2016
31,1500000,922727,977,1769656,5879,2016
Tyler Perrys Boo! A Madea Halloween,20000000,73206343,8851,6818496,57157,2016
Mi America,2100000,3330,2,7194,9,2016
The Accountant,40000000,152962083,4077,10768558,34656,2016
Kevin Hart: What Now?,10000000,23591043,869,2561586,15086,2016
Max Steel,10000000,4563080,16433,33810034,131832,2016
The Girl on the Train,45000000,174278214,1521,4306185,12158,2016
Middle School: The Worst Years of My Life,8500000,23311293,2758,5280553,36901,2016
The Birth of a Nation,10000000,16891011,4148,2542492,8491,2016
The Birth of a Nation,110000,11000000,4148,2542492,8491,2016
Miss Peregrines Home for Peculiar Children,110000000,295986876,11177,14946326,87680,2016
American Honey,3500000,2611750,1171,3488022,11274,2016
Denial,10000000,9263940,2631,1405930,6948,2016
Deepwater Horizon,156000000,122603824,1986,5712913,13226,2016
Queen of Katwe,15000000,10055481,1756,3016341,16694,2016
The Dressmaker,11900000,24041617,466,1588451,9647,2016
The Magnificent Seven,90000000,162525156,4030,12294396,25979,2016
Storks,70000000,183353431,2674,6695951,28214,2016
Bridget Joness Baby,35000000,205822688,1617,6352588,9454,2016
Snowden,50000000,35380918,1750,2518967,18308,2016
Blair Witch,10000000,38985577,3416,1123498,28536,2016
When the Bough Breaks,10000000,30768449,796,4185775,7712,2016
Robinson Crusoe,13000000,42446455,98,963016,999,2016
The Disappointments Room,15000000,3503761,1063,2820990,5884,2016
Kicks,10000000,150191,957,1158308,9498,2016
Sully,60000000,238524556,8470,15834093,59137,2016
Antibirth,2500000,0,46,108913,544,2016
Yoga Hosers,5000000,22958,1275,1838968,7378,2016
Morgan,8000000,7298786,2126,6261623,12827,2016
The Light Between Oceans,20000000,22281732,329,1228607,4405,2016
Greater,9000000,2000093,207,824026,2573,2016
Mechanic: Resurrection,40000000,109738840,1731,10217896,33793,2016
Dont Breathe,10000000,158973685,10730,26021185,81164,2016
Hands of Stone,20000000,5031975,308,571576,1653,2016
Kubo and the Two Strings,55000000,77548122,560,3662570,6660,2016
Ben-Hur,95000000,91669648,4140,8187245,16452,2016
Ben-Hur,15000000,73259017,4140,8187245,16452,2016
War Dogs,50000000,86234503,2734,11890399,29450,2016
Sausage Party,19000000,141344255,7094,12058211,52807,2016
Florence Foster Jenkins,29000000,56000339,583,1966924,7064,2016
Hell or High Water,12000000,37584304,1073,5980146,9786,2016
Petes Dragon,65000000,137768975,4379,10725521,34095,2016
Petes Dragon,10000000,36000000,4379,10725521,34095,2016
Suicide Squad,175000000,746059887,80877,88265995,683720,2016
Operation Chromite,12700000,49196532,356,1532092,2714,2016
Jason Bourne,120000000,416168316,3020,11210502,34366,2016
The Land,1000000,43756,615,674041,5484,2016
Bad Moms,20000000,180998716,2290,14882196,19824,2016
Nerve,20000000,70652284,12418,34479307,176485,2016
Star Trek Beyond,185000000,335802233,3495,4313284,23556,2016
Dont Think Twice,3000000,4417983,204,1283452,2210,2016
Ice Age: Collision Course,105000000,402156682,2339,6465922,14890,2016
Lights Out,5000000,148806510,9745,22377033,76123,2016
Fight Valley,20000000,0,62,115638,220,2016
Hillarys America: The Secret History of the Democratic Party,5000000,13099931,918,400289,7555,2016
Ghostbusters,144000000,229008658,263926,45642090,307122,2016
Ghostbusters,30000000,295212467,263926,45642090,307122,2016
The Infiltrator,47500000,20718104,1256,4150838,10963,2016
Mike and Dave Need Wedding Dates,33000000,75898100,1197,8054459,19721,2016
The Dog Lover,2000000,0,74,155817,325,2016
The Secret Life of Pets,75000000,886614798,1910,9890339,25804,2016
Sultan,11000000,72989781,18202,43662640,219338,2016
The Legend of Tarzan,180000000,348902025,5258,14688333,53386,2016
The BFG,140000000,199646680,6025,9323357,30912,2016
The Purge: Election Year,10000000,118514727,8771,9474256,37215,2016
Independence Day: Resurgence,165000000,384169424,15035,26701694,95316,2016
The Neon Demon,7500000,3559803,4442,9800274,38442,2016
Hunt for the Wilderpeople,2500000,23845533,439,1786623,6315,2016
The Shallows,13000000,118763442,10821,22038239,73344,2016
Free State of Jones,50000000,23237252,1935,5646547,7383,2016
Swiss Army Man,3000000,5837111,10422,17829817,73137,2016
Finding Dory,200000000,1021215193,1609,5083123,23541,2016
Central Intelligence,50000000,217194805,982,5037778,24316,2016
The Conjuring 2: The Enfield Poltergeist,40000000,311262102,7962,26762163,86551,2016
Now You See Me 2,90000000,328325007,2924,9631658,50010,2016
Genius,17000000,7265283,11501,27480978,172978,2016
Warcraft,160000000,425522281,24563,25692873,131370,2016
Popstar: Never Stop Never Stopping,20000000,9537120,890,2406436,11418,2016
Teenage Mutant Ninja Turtles: Out of the Shadows,135000000,245328374,3831,5597838,28841,2016
The Fits,170000,169242,35,150045,405,2016
Time to Choose,3500000,29233,19,25202,265,2016
Me Before You,20000000,208265198,10431,25520441,156400,2016
Alice Through the Looking Glass,170000000,276928112,4814,10233307,55644,2016
X-Men: Apocalypse,178000000,542537546,19307,20662595,130589,2016
Une Femme Marie,120000,0,5,44981,179,2016
The Angry Birds Movie,73000000,352327887,587,17126504,38414,2016
The Nice Guys,50000000,59596747,1071,8452640,17690,2016
Neighbors 2: Sorority Rising,35000000,108757621,1905,10282386,48068,2016
Money Monster,27000000,93466095,859,2379532,8456,2016
The Darkness,4000000,10898293,1813,5011859,10934,2016
Captain America: Civil War,250000000,1140069413,12545,28597183,103509,2016
Code of Honor,8000000,0,169,461042,623,2016
Dheepan,9000000,7704357,17,88429,335,2016
Keanu,15000000,20688141,490,2719063,9205,2016
Mothers Day,25000000,52367022,2284,11106215,42815,2016
The Man Who Knew Infinity,10000000,12382122,8185,14833097,140197,2016
Ratchet and Clank,20000000,14365639,6841,4799520,32191,2016
The Meddler,3200000,5526942,124,1037088,3093,2016
Compadres,3000000,7445044,244,1064925,3162,2016
A Hologram for the King,35000000,11846010,3392,3957089,10640,2016
Unsullied,1500000,510957,28,55633,83,2016
The Huntsman: Winters War,115000000,165149302,3770,8099129,33216,2016
The Jungle Book,175000000,962854547,3082,8291182,32144,2016
The Jungle Book,27000000,44342956,3082,8291182,32144,2016
Green Room,5000000,3807503,757,1318619,3863,2016
I Am Wrath,18000000,309608,850,1470255,3586,2016
Criminal,31500000,38771262,506,3655789,4367,2016
Barbershop: The Next Cut,20000000,54404202,1294,3911640,13081,2016
Hardcore Henry,2000000,17187434,8433,19498334,68349,2016
The Boss,29000000,78652207,1568,7855566,31915,2016
The Invitation,1000000,354836,1356,3299144,4296,2016
Hush,1000000,0,4387,9240900,27008,2016
Gods Not Dead 2,5000000,23551286,16858,3393814,21163,2016
Meet the Blacks,900000,9097072,3355,7861769,34787,2016
Everybody Wants Some,10000000,5437126,854,2847210,7226,2016
Everybody Wants Some,10000000,5437126,854,2847210,7226,2016
Batman v Superman: Dawn of Justice,250000000,867500281,7482,11794706,54111,2016
Batman v Superman: Dawn of Justice,250000000,867500281,7482,11794706,54111,2016
My Big Fat Greek Wedding 2,18000000,92096558,848,5098536,7924,2016
My Big Fat Greek Wedding 2,18000000,92096558,848,5098536,7924,2016
The Lobster,4500000,18019834,744,2034004,9360,2016
The Lobster,4500000,18019834,744,2034007,9360,2016
Krisha,30000,144822,110,300438,863,2016
Krisha,30000,144822,110,300440,863,2016
The Bronze,3500000,615816,315,1030646,2651,2016
The Bronze,3500000,615816,315,1030647,2651,2016
The Divergent Series: Allegiant,110000000,172022517,4788,8423144,34156,2016
The Divergent Series: Allegiant,110000000,172022517,4788,8423148,34156,2016
Midnight Special,18000000,7680250,907,3804897,8443,2016
Midnight Special,18000000,7680250,907,3804902,8443,2016
Miracles from Heaven,13000000,73798736,5340,9471930,57030,2016
Miracles from Heaven,13000000,73798736,5340,9471946,57030,2016
The Hatching,5000000,0,1,3949,13,2016
The Hatching,5000000,0,1,3949,13,2016
"Hello, My Name is Doris",1000000,14662703,796,2979825,13958,2016
"Hello, My Name is Doris",1000000,14662703,796,2979825,13958,2016
10 Cloverfield Lane,5000000,108286422,6791,10153984,34211,2016
10 Cloverfield Lane,5000000,108286422,6791,10153987,34211,2016
The Perfect Match,5000000,10182050,1146,6948995,25993,2016
The Perfect Match,5000000,10182050,1146,6948995,25993,2016
The Young Messiah,16800000,7313697,3711,2306946,8230,2016
Eye in the Sky,13000000,35402802,1481,3834842,7297,2016
Creative Control,1000000,63014,114,269638,478,2016
The Brothers Grimsby,35000000,28720470,1145,7089057,17471,2016
Out of the Inferno,19000000,0,1,8693,21,2016
Savva. Serdtse voyna,30000000,5015080,4,22579,52,2016
London Has Fallen,60000000,195194085,6075,14009995,38774,2016
Whiskey Tango Foxtrot,35000000,25350747,853,2650781,10156,2016
They Will Have to Kill Us First,600000,7943,13,62228,324,2016
Zootopia,150000000,1019429616,11209,21749680,75759,2016
The Other Side of the Door,5000000,12905107,1464,4783968,10860,2016
1982,1000000,0,1791,4657349,11690,2016
Triple 9,20000000,25943792,942,6571649,12045,2016
Eddie the Eagle,23000000,45060480,697,5173638,9972,2016
Gods of Egypt,140000000,138836756,23380,25600850,69685,2016
Forsaken,18000000,0,15420,3116499,62904,2016
Race,5000000,23745772,400,791295,2192,2016
Risen,20000000,46255763,3183,2748753,6695,2016
Mei Ren Yu,60720000,554516671,11,156989,133,2016
The Witch,3500000,40454520,5832,16838047,43343,2016
Deadpool,58000000,801025593,5817,34511435,123883,2016
Zoolander 2,50000000,55348693,8855,21940413,83600,2016
The Little Prince,77500000,102028919,3549,5115737,40676,2016
How to be Single,37000000,100003780,1733,9325154,42888,2016
Pride and Prejudice and Zombies,28000000,16638300,3587,9719575,32772,2016
Misconduct,11000000,2352511,303,1692483,3016,2016
"Hail, Caesar!",22000000,64160680,2255,10793239,22415,2016
Xi You Ji zhi Sun Wu Kong San Da Bai Gu Jing,60000000,194058503,2,48524,17,2016
The Rise of the Krays,2500000,0,352,776068,527,2016
Jane Got a Gun,25000000,3771345,378,776631,3355,2016
Fifty Shades of Black,5000000,22113075,6306,17415544,91675,2016
Kung Fu Panda 3,140000000,517599142,1752,25282288,91495,2016
The Finest Hours,70000000,49252761,1000,8293223,9624,2016
The 5th Wave,38000000,111336398,7191,17181961,62878,2016
Zhuo yao ji,56000000,359495591,307,1896997,6517,2016
The Boy,10000000,68220952,6953,14995135,52702,2016
Dirty Grandpa,11500000,105078449,2093,14482006,46437,2016
Yip Man 3,36000000,157300954,491,2277900,5281,2016
Eden,2300000,0,322,658421,1364,2016
Sharkskin,2100000,0,2,730,4,2016
13 Hours: The Secret Soldiers of Benghazi,50000000,69411370,3727,6394274,14997,2016
The Lady in the Van,6000000,42320503,448,1719140,6604,2016
Ride Along 2,40000000,124827316,2579,14863533,48871,2016
Norm of the North,18000000,30535660,0,2382637,0,2016
The Masked Saint,3500000,182695,8,49350,139,2016
The Forest,10000000,40749230,2644,6716059,20913,2016
Adulterers,750000,0,218,393836,989,2016
